HeadYaw,HeadPitch,LShoulderPitch,LShoulderRoll,LElbowYaw,LElbowRoll,LWristYaw,LHand,LhipYawPitch/RhipYawPitch,LHipRoll,LHipPitch,LKneePitch,LAnklePitch,LAnkleRoll,RHipRoll,RHipPitch,RKneePitch,RAnklePitch,RAnkleRoll,RShoulderPitch,RShoulderRoll,RElbowYaw,RElbowRoll,RWristYaw,RHand,CPU(Temp),Battery,Inertial_Gyroscope,Inertial_Angle,Inertial_Accelerometer,FSR_Left,FSR_Right,RHand Object,LHandObject, Action
[0.5  0.5  0.5  1.   0.52 0.5  0.  ],[ 0.57  0.6   0.63  1.    0.67  0.57 -0.03],[ 0.84  0.84  0.5   1.    0.56  0.5  -0.01],[0.37 0.36 0.21 1.   0.34 0.19 0.03],[ 0.17  0.17  0.57  1.    0.53  0.5  -0.02],[ 0.35  0.36  1.    1.    1.    1.   -0.01],[ 0.5   0.51  0.5   1.    0.53  0.5  -0.02],[0.25 0.24 0.   1.   0.25 0.   0.01],[0.61 0.61 0.84 1.   0.79 0.61 0.  ],[0.32 0.32 0.41 1.   0.58 0.32 0.  ],[ 0.54  0.54  0.84  1.    0.95  0.76 -0.  ],[ 0.36  0.36  0.16  1.    0.18  0.04 -0.  ],[0.4  0.4  0.93 1.   0.77 0.56 0.  ],[0.34 0.34 0.34 1.   0.6  0.34 0.  ],[ 0.68  0.68  0.87  1.    0.93  0.68 -0.  ],[0.54 0.54 1.   1.   0.95 0.76 0.  ],[0.36 0.36 0.04 1.   0.18 0.04 0.  ],[ 0.39  0.4   0.56  1.    0.76  0.56 -0.  ],[ 0.66  0.66  0.66  1.    0.92  0.66 -0.  ],[ 0.84  0.85  0.54  1.    0.57  0.5  -0.04],[ 0.63  0.65  0.87  1.    0.95  0.81 -0.03],[0.83 0.83 0.55 1.   0.53 0.5  0.02],[0.65 0.64 0.04 1.   0.13 0.   0.02],[0.5  0.49 0.5  1.   0.53 0.5  0.02],[0.25 0.24 0.   1.   0.25 0.   0.01],[67],"[0.0010000000474974513, 0.9900000095367432, 2.9000000953674316]","[-0.01091896090656519, -0.01091896090656519, 0.0]","[-0.0060380143113434315, 0.029017750173807144, 0.0]","[1.5615527629852295, -0.14370118081569672, -9.877060890197754]","[0.5864731073379517, 1.371707558631897, 0.004979881923645735, 0.0, 1.9702839851379395, 0.0699990838766098, -0.007233696058392525]","[0.2880605161190033, 0.005551944021135569, 1.1783196926116943, 0.6003406643867493, 2.033022880554199, -0.015703855082392693, 0.0055227139964699745]",[0],[0],testcamera1
